guest_id,first_name,last_name,contact_id,credit_card
500,Amalita,Nattrass,700,4017950449272
501,Heloise,Meneo,701,4017959869814707
502,Mathew,Tebbe,702,4017952869188
503,Othello,Tebbit,703,4017952619980472
504,Rosabel,Cockrell,704,4041379167914390
505,Lusa,Bratchell,705,4041372546361375
506,Felisha,McQuirter,706,4041379992662
507,Arin,Shenton,707,4017958057153134
508,Puff,Zelner,708,4041372979359854
509,Elwood,Schmuhl,709,4041375740356398
510,Allyce,Linzey,710,4041372922451592
511,Osbourn,Tinker,711,4041379312034730
512,Decca,Benson,712,4017952773893
513,Muriel,Peres,713,4017953551991
514,Dorette,Vater,714,4017957355753
515,Lawrence,Marvell,715,4041378350219
516,Christi,Biscomb,716,4017959144221
517,Reena,Bahls,717,4017952632595208
518,Natividad,Burston,718,4041371199159
519,Sancho,Dooney,719,4017958330128
520,Tracie,Coners,720,4017954604948
521,Hilarius,Mantrup,721,4017959563115
522,Cybill,Kinane,722,4017950486497059
523,Hewitt,Renfield,723,4041377313325
524,Blake,Audibert,724,4017958237521
525,Dugald,Portlock,725,4017950063222
526,Frederica,Enriquez,726,4017950557116
527,Cedric,Clist,727,4017955740436066
528,Nevsa,Piotrkowski,728,4017958475900355
529,Alaric,Hammerberger,729,4017956220386151
530,Pauli,Walby,730,4041374653111
531,Gage,McGreal,731,4017951541317357
532,Giralda,Krollmann,732,4041373283456
533,Colleen,Elderbrant,733,4041376768750
534,Nikolaus,Robun,734,4017958171563
535,Kelcie,Shreeve,735,4041376705147905
536,Kayne,Logie,736,4041372254269273
537,Georgetta,Charte,737,4041379088181038
538,Kip,Sidary,738,4041377919677810
539,Bronny,Gallager,739,4017952825537884
540,Carolynn,Josskovitz,740,4017955129336846
541,Iris,Krzysztofiak,741,4041370675886
542,Hildegaard,Lydiatt,742,4041370811457
543,Nettie,Juhruke,743,4017952272268
544,Dicky,Froude,744,4017958357287780
545,Darsie,Whiteley,745,4041374758969
546,Sidonia,Rodge,746,4017955560293282
547,Leighton,Gerram,747,4017953545753
548,Barth,Danilishin,748,4041375498425
549,Jessi,Abels,749,4017955542399314
550,Padriac,Reicharz,750,4041372642751
551,Francine,Kerfoot,751,4041370572273738
552,Charmion,Silverson,752,4017956492786989
553,Ephraim,Bradforth,753,4017955150214
554,Goldarina,Jays,754,4017955308440
555,Nydia,Gwyer,755,4041371733791
556,Cirstoforo,Iddison,756,4041375480951
557,Konstanze,Warmington,757,4017954054235
558,Edvard,Pattie,758,4041374625830429
559,Kass,Mcasparan,759,4017959626926125
560,Gardener,Orkney,760,4017954362892847
561,Estevan,Duckels,761,4041374258325
562,Niall,Persicke,762,4041373387588
563,Tildy,Avramovsky,763,4041375137387
564,Franz,Boule,764,4041375355467639
565,Dewie,McArte,765,4017952747509
566,Edie,Hearnaman,766,4041371038534283
567,Val,Bille,767,4017957410574
568,Kasey,Pretley,768,4017955363726
569,Aldridge,Merrell,769,4041372239963297
570,Winthrop,Krauze,770,4017955253703
571,Sapphire,Cartmale,771,4017958540478
572,Giffy,Bohler,772,4017950795658
573,Aggi,Yushin,773,4017955561345
574,Charmane,Plaister,774,4017952803458061
575,Donaugh,Burman,775,4017957174368203
576,Raleigh,Lebreton,776,4041377268115
577,Heddie,Duggon,777,4041375448557776
578,Carrissa,Hebard,778,4017955411263229
579,Talbot,Pantridge,779,4017953456410730
580,Ingunna,Weakley,780,4041370023504343
581,Bill,Coxall,781,4041376064093
582,Farra,Playle,782,4017957681587899
583,Dulcy,Kennady,783,4041378483010552
584,Lorri,Kubal,784,4017958756265718
585,Dorena,Breslauer,785,4017958950974
586,Bartolemo,Parley,786,4041379060430080
587,Tannie,Goldster,787,4017954091705898
588,Cosmo,Maly,788,4041379177850
589,Bartholomew,Clifforth,789,4017959145285
590,Tome,Muldowney,790,4041378176307448
591,Dimitry,Collelton,791,4041371289901
592,Delora,Giacobbo,792,4017957802630
593,Yorker,Dome,793,4041374465354746
594,Halli,O'Deegan,794,4041379940000178
595,Olympe,Mattinson,795,4041370403750
596,Haslett,Petcher,796,4017958420552079
597,Northrup,Cainey,797,4017955528294
598,Tommi,Kloss,798,4017955821678552
599,De witt,Roxbee,799,4041372912667827
